frame,pred_lat,pred_lon,gt_lat,gt_lon,error_m,speed_kmh
4,32.10310117183811,35.20925911763626,32.102415,35.209574,81.8608957205902,0.1
5,32.10310073848688,35.20925885136015,32.102415,35.209574,81.82508092326185,0.1
6,32.103100738005196,35.20925885106417,32.102415,35.209574,81.82504112535895,0.1
7,32.103100737523505,35.20925885076819,32.102415,35.209574,81.82500132698779,0.10965481030315737
8,32.103100737041814,35.20925885047221,32.102415,35.209573,81.79083694139462,0.10193096206063149
9,32.10310073656012,35.209258850176234,32.102415,35.209573,81.79079709412004,0.10231715447275778
10,32.10310073607843,35.20925884988025,32.102415,35.209573,81.79075724711275,0.10278058536730933
11,32.10310072134818,35.20925883918003,32.102415,35.209573,81.78959492111333,0.1033367024407712
12,32.10310072008759,35.20925883831531,32.102415,35.209573,81.78949371530223,0.10400404292892544
13,32.10310071882701,35.209258837450584,32.102415,35.209573,81.78939251042381,0.10287388945407903
14,32.10310071756642,35.20925883658586,32.102415,35.209573,81.78929130500494,0.10306247493276856
15,32.10310071630584,35.20925883572114,32.102415,35.209573,81.78919010051872,0.10321153902477072
16,32.10310071504525,35.209258834856406,32.102415,35.209573,81.78908889573421,0.10329772975626299
17,32.10310071378466,35.20925883399168,32.102415,35.209573,81.78898769090368,0.10328993521936133
18,32.10310071252408,35.20925883312696,32.102415,35.209573,81.7888864870058,0.10314711367744854
19,32.103100711263494,35.209258832262236,32.102415,35.209573,81.7887852825675,0.10320175852212242
20,32.103100710002906,35.20925883139751,32.102415,35.209573,81.78868407832528,0.1032296152399932
21,32.103100708742325,35.20925883053279,32.102415,35.209573,81.78858287501573,0.1032332304830377
22,32.10310070748174,35.20925882966806,32.102415,35.209573,81.78848167140791,0.10322033062839264
23,32.10310070622115,35.209258828803335,32.102415,35.209573,81.78838046775407,0.1032064097101989
24,32.10310070496057,35.20925882793861,32.102415,35.209573,81.78827926503288,0.10321826891674897
25,32.10310070369998,35.20925882707389,32.102415,35.209573,81.78817806177123,0.10322157099567428
26,32.1031007024394,35.209258826209165,32.102415,35.209573,81.7880768594423,0.1032199621468105
27,32.10310070117881,35.20925882534444,32.102415,35.209573,81.7879756565729,0.10321730847956506
28,32.10310069991822,35.20925882447971,32.102415,35.209573,81.78787445414179,0.10321670404979953
29,32.10310069865764,35.20925882361499,32.102415,35.209573,81.7877732524012,0.10321876291771967
30,32.10310069739705,35.209258822750265,32.102415,35.209573,81.78767205012014,0.1032188617179138
31,32.103100696136465,35.20925882188554,32.102415,35.209573,81.78757084803523,0.1032183198623617
32,32.103100694875884,35.20925882102082,32.102415,35.209573,81.78746964688303,0.10321799140547196
33,32.103100693615296,35.209258820156094,32.102415,35.209573,81.78736844519035,0.10321812799065334
34,32.10310069235471,35.20925881929137,32.102415,35.209573,81.78726724369379,0.1032184127788241
35,32.10310069109413,35.20925881842664,32.102415,35.209573,81.7871660433721,0.10321834275104497
36,32.10310068983354,35.20925881756192,32.102415,35.209573,81.78706484226781,0.10321823895767122
37,32.10310068857296,35.209258816697194,32.102415,35.209573,81.7869636420962,0.1032182227767331
38,32.10310068731237,35.20925881583247,32.102415,35.209573,81.78686244138416,0.10321826905098534
39,32.10310068605178,35.20925881496775,32.102415,35.209573,81.78676124086824,0.10321829726305175
40,32.1031006847912,35.20925881410302,32.102415,35.209573,81.786660041285,0.10321827415989726
41,32.10310068353061,35.20925881323829,32.102415,35.209573,81.78655884140353,0.10321826044166771
42,32.103100682270025,35.20925881237357,32.102415,35.209573,81.78645764147599,0.10321826473846701
43,32.103100681009444,35.209258811508846,32.102415,35.209573,81.78635644248116,0.10321827313081382
44,32.103100679748856,35.20925881064412,32.102415,35.209573,81.78625524294588,0.1032182739467795
45,32.10310067848827,35.2092588097794,32.102415,35.209573,81.78615404360676,0.10321826928352507
46,32.10310067722769,35.209258808914676,32.102415,35.209573,81.78605284520029,0.10321826830825062
47,32.1031006759671,35.209258808049945,32.102415,35.209573,81.7859516464956,0.1032182698815672
48,32.10310168213957,35.20925943091124,32.102415,35.209573,81.86907683070626,0.10321827091018723
49,32.103100315841914,35.209258591531785,32.102415,35.209573,81.75600787288863,0.10321827046606193
50,32.10310291998145,35.209260191728,32.102415,35.209573,81.97167766205833,0.10321826976991841
51,32.103104575697344,35.209261209133885,32.102415,35.209573,82.10918123167586,0.10321826986719707
52,32.10310426651376,35.209261019181845,32.102415,35.209573,82.08348065964891,0.10321827017898637
53,32.10310323830856,35.20926038741604,32.102415,35.209573,81.9980883631905,0.10321827023847019
54,32.1031019142005,35.209259572828635,32.102415,35.209573,81.88832329372666,0.10321827010412679
55,32.10310060910426,35.20925877104444,32.102415,35.209573,81.78028218047001,0.10321827003173978
56,32.10309979021981,35.2092582679887,32.102415,35.209573,81.71258507618717,0.10321827008410406
57,32.10309877134622,35.20925764202828,32.102415,35.209573,81.62845835070652,0.10321827012748543
58,32.10309716284638,35.209256653752895,32.102415,35.209573,81.49588018189833,0.10321827011718523
59,32.103096101722016,35.20925600180569,32.102414,35.209573,81.5120290492184,0.10321827009292826
60,32.10309619813799,35.20925606110968,32.102414,35.209573,81.51995909255787,0.10321827009068855
61,32.10309697430053,35.20925653808244,32.102414,35.209573,81.58384916169469,0.1032182701024783
62,32.10309741145478,35.209256806743355,32.102414,35.209573,81.61986208658357,0.10321827010615317
63,32.10309818099971,35.20925727963968,32.102414,35.209573,81.68330963982913,0.10321827010188672
64,32.10309906519333,35.20925782297885,32.102414,35.209573,81.75628986314929,0.10321827009882702
65,32.103099323897936,35.209257981978,32.102414,35.209573,81.77765826923341,0.10321827010000677
66,32.10309941018188,35.209258035028945,32.102414,35.209573,81.78478602351673,0.10321827010187039
67,32.10310025132119,35.209258551904036,32.102414,35.209573,81.85432329830228,0.10321827010174882
68,32.103101026024085,35.20925902795438,32.102414,35.209572,81.88447805000358,0.10321827010086794
69,32.103101912359286,35.209259572595926,32.102414,35.209572,81.95799850037807,0.10321827010066419
70,32.10310248362977,35.209259924153,32.102414,35.209572,82.00541204299817,0.10321827010103163
71,32.10310308448399,35.2092602938988,32.102414,35.209572,82.05531942812354,0.10321827010123659
72,32.10310387758817,35.209260781200264,32.102414,35.209572,82.12127980690171,0.10321827010110983
73,32.10310485342505,35.20926138096607,32.102414,35.209572,82.20252360540474,0.10321827010098203
74,32.103105572757826,35.20926182315794,32.102414,35.209571,82.22906804827866,0.10321827010100484
75,32.103106165593694,35.209262187387445,32.102414,35.209571,82.27858394623051,0.10321827010107298
76,32.10310678300122,35.2092625667753,32.102414,35.209571,82.3301897538143,0.10321827010108124
77,32.10310722960146,35.209262841356725,32.102415,35.209571,82.26348638361985,0.1032182701010502
78,32.10310723146006,35.20926284244827,32.102415,35.209571,82.26364347953606,0.10321827010103826
79,32.10310734104039,35.209262909731784,32.102415,35.209571,82.27280899646424,0.1032182701010495
80,32.10310746274323,35.20926298446554,32.102415,35.20957,82.24982472143101,0.10321827010105843
81,32.10310757005426,35.209263050531995,32.102415,35.20957,82.25880793368378,0.10321827010105553
82,32.10310766610771,35.20926310978401,32.102415,35.20957,82.26684593681897,0.10321827010105038
83,32.103107766478665,35.209263171814854,32.102415,35.209569,82.24220242849461,0.1032182701010504
84,32.103107918373006,35.209263265433925,32.102415,35.209569,82.2549347902322,0.10321827010105285
85,32.10310811119144,35.20926338421794,32.102415,35.209569,82.27110300599843,0.1032182701010535
86,32.10310863613857,35.20926370709728,32.102415,35.209568,82.2822990997035,0.10321827010105253
87,32.1031088736302,35.20926385342537,32.102415,35.209568,82.30225476660605,0.10321827010105193
88,32.103109039773834,35.20926395622111,32.102415,35.209568,82.31620479514642,0.10321827010105193
89,32.103109253044416,35.209264087978156,32.102416,35.209567,82.19713039679439,0.10321827010105193
90,32.103109481807884,35.209264229136764,32.102416,35.209567,82.21637349066046,0.10321827010105193
91,32.10310937547922,35.20926416434181,32.102416,35.209567,82.20740202083843,0.10321827010105193
92,32.10310905449966,35.20926396762205,32.102416,35.209566,82.14769494071061,0.10321827010105193
93,32.10310906495258,35.20926397448494,32.102416,35.209566,82.14856145760619,0.10321827010105193
94,32.103109172039694,35.20926404053202,32.102416,35.209566,82.15757834309846,0.10321827010105193
95,32.10310922196423,35.2092640713047,32.102417,35.209564,81.99237055280334,0.10321827010105193
96,32.10310951611135,35.209264252052854,32.102417,35.209564,82.0172137187916,0.10321827010105193
97,32.10310970710841,35.20926436927912,32.102417,35.209564,82.03335432468776,0.10321827010105193
98,32.10310995005438,35.209264518351205,32.102417,35.209562,81.98931814443,0.10321827010105193
99,32.10311002090151,35.20926456163505,32.102417,35.209562,81.99532853349767,0.10321827010105193
100,32.10310983447429,35.209264446903454,32.102417,35.209562,81.97954077359051,0.10321827010105193
101,32.103109929614796,35.2092645051037,32.102418,35.20956,81.8188412926335,0.10321827010105193
102,32.10311015463906,35.20926464310615,32.102418,35.20956,81.83795114513353,0.10321827010105193
103,32.10311083945919,35.20926506363232,32.102418,35.20956,81.89612348892942,0.10321827010105193
104,32.10311185459989,35.20926568712622,32.102419,35.209558,81.81421266241122,0.10321827010105193
105,32.10311295485408,35.20926636284669,32.102419,35.209558,81.90806122557458,0.10321827010105193
106,32.10311387441102,35.209266927505304,32.102419,35.209558,81.98659510321401,0.10321827010105193
107,32.1031142258711,35.20926714310057,32.10242,35.209555,81.81776243248227,0.10321827010105193
108,32.103113702929,35.209266821321116,32.10242,35.209555,81.77295819478113,0.10321827010105193
109,32.10311267782216,35.20926619100897,32.10242,35.209555,81.68519680581633,0.10321827010105193
110,32.10311152967726,35.20926548503729,32.10242,35.209553,81.52425638231831,0.10321827010105193
111,32.10311074261366,35.209265000902654,32.10242,35.209553,81.45688954627055,0.10321827010105193
112,32.103110335322036,35.20926475010859,32.10242,35.209553,81.42206172400755,0.10321827010105193
113,32.103109981675665,35.20926453229333,32.102422,35.20955,81.08809765781605,0.10321827010105193
114,32.103109590170284,35.209264291258194,32.102422,35.20955,81.05456397430017,0.10321827010105193
115,32.10310921533108,35.20926405979445,32.102422,35.20955,81.02249426083908,0.10321827010105193
116,32.10310935306307,35.209264143692735,32.102423,35.209547,80.83586768361491,0.10321827010105193
117,32.10310928693482,35.209264102423035,32.102423,35.209547,80.83020689749765,0.10321827010105193
118,32.103109225409526,35.20926406320929,32.102423,35.209547,80.82496591675202,0.10321827010105193
119,32.1031091680626,35.20926402589096,32.102425,35.209544,80.5171965076873,0.10321827010105193
120,32.10310925733652,35.209264079628305,32.102425,35.209544,80.52491833329779,0.10321827010105193
121,32.10310902009549,35.20926393315843,32.102425,35.209544,80.50451286688315,0.10321827010105193
122,32.103109150366386,35.20926401261792,32.102426,35.20954,80.28791117043954,0.10321827010105193
123,32.10310991262744,35.209264480397756,32.102426,35.20954,80.35386804101081,0.10321827010105193
124,32.10311065042091,35.209264932176346,32.102426,35.20954,80.41779426156388,0.10321827010105193
125,32.103111364634124,35.20926536856194,32.102427,35.209537,80.2839712465592,0.10321827010105193
126,32.10311198663231,35.20926574946694,32.102427,35.209537,80.33811343996858,0.10321827010105193
127,32.10311273274321,35.209266207186786,32.102427,35.209537,80.40308641731832,0.10321827010105193
128,32.10311361845025,35.20926675097277,32.102429,35.209533,80.1506465542668,0.10321827010105193
129,32.10311467145618,35.20926739761435,32.102429,35.209533,80.24285363312245,0.10321827010105193
130,32.10311587245501,35.20926813522641,32.102429,35.209533,80.34815266325293,0.10321827010105193
131,32.1031173535612,35.209269044946836,32.102431,35.20953,80.17964580810595,0.10321827010105193
132,32.10311903986053,35.2092700808373,32.102431,35.20953,80.32835360202037,0.10321827010105193
133,32.10312031746837,35.209270865560846,32.102431,35.20953,80.44121046047553,0.10321827010105193
134,32.10312094810215,35.20927125276289,32.102432,35.209526,80.27758878574686,0.10321827010105193
135,32.103121452003016,35.20927156207016,32.102432,35.209526,80.32236231199134,0.10321827010105193
136,32.10312206289267,35.20927193720411,32.102432,35.209526,80.37667097399464,0.10321827010105193
137,32.10312287737887,35.20927243731957,32.102434,35.209522,80.12545617500471,0.10321827010105193
138,32.103123555937074,35.209272854033365,32.102434,35.209522,80.1860949356231,0.10321827010105193
139,32.10312421422065,35.20927325736317,32.102434,35.209522,80.24498988762565,0.10321827010105193
140,32.10312522438716,35.20927387741868,32.102436,35.209518,80.01358142957145,0.10321827010105193
141,32.10312642679651,35.20927461577083,32.102436,35.209518,80.12172512880527,0.10321827010105193
142,32.10312761528065,35.209275345694984,32.102436,35.209518,80.22874806438631,0.10321827010105193
143,32.10312868272506,35.20927600129772,32.102438,35.209513,79.97903138868746,0.10321827010105193
144,32.10312928322126,35.209276370006876,32.102438,35.209513,80.03347296185758,0.10321827010105193
145,32.103129914716206,35.209276757815374,32.102438,35.209513,80.09075956573182,0.10321827010105193
146,32.10313063999231,35.20927720324532,32.10244,35.209509,79.83908328584336,0.10321827010105193
147,32.10313139266321,35.20927766552284,32.10244,35.209509,79.9077046067028,0.10321827010105193
148,32.10313236220185,35.20927826102518,32.10244,35.209509,79.9961743438799,0.10321827010105193
149,32.10313330517398,35.20927883900549,32.102442,35.209505,79.76682391578784,0.10321827010105193
150,32.10313449927551,35.20927957212607,32.102442,35.209505,79.87640252151091,0.10321827010105193
151,32.10313546052028,35.20928016231495,32.102442,35.209505,79.96470629058068,0.10321827010105193
152,32.1031361956047,35.20928061357184,32.102444,35.2095,79.69440322419969,0.10321827010105193
153,32.103136448625655,35.20928076877214,32.102444,35.2095,79.71778784332203,0.10321827010105193
154,32.10313654153369,35.2092808254695,32.102444,35.2095,79.7263831097511,0.10321827010105193
155,32.10313662399263,35.20928087564272,32.102446,35.209495,79.39828681834791,0.10321827010105193
156,32.10313689499802,35.20928104277228,32.102446,35.209495,79.4234371424656,0.10321827010105193
157,32.10313682756568,35.20928100131215,32.102446,35.209495,79.41717554905475,0.10321827010105193
158,32.10313724188879,35.209281255681844,32.102448,35.20949,79.12220204910098,0.10321827010105193
159,32.103137053362715,35.20928113950795,32.102448,35.20949,79.10461740662389,0.10321827010105193
160,32.103137384837154,35.209281342851725,32.102448,35.20949,79.1355590433454,0.10321827010105193
161,32.10313742346166,35.20928136628337,32.102451,35.209485,78.69997110476214,0.10321827010105193
162,32.1031373684434,35.20928133206344,32.102451,35.209485,78.69482354648754,0.10321827010105193
163,32.10313725421167,35.209281261380056,32.102451,35.209485,78.6841283845104,0.10321827010105193
164,32.10313763440434,35.209281494574896,32.102453,35.20948,78.39043197477677,0.10321827010105193
165,32.10313800855695,35.20928172231704,32.102453,35.20948,78.4257243917365,0.10321827010105193
166,32.103138377434824,35.20928194497659,32.102453,35.20948,78.46057298378294,0.10321827010105193
167,32.10313813029105,35.20928179125752,32.102456,35.209475,78.00214395993781,0.10321827010105193
168,32.10313789340305,35.20928164196461,32.102456,35.209475,77.97981360895247,0.10321827010105193
169,32.103137629020125,35.20928147804763,32.102456,35.209475,77.95483783320572,0.10321827010105193
170,32.10313749840917,35.20928139722408,32.102458,35.20947,77.61715180623088,0.10321827010105193
171,32.10313737567106,35.20928131923126,32.102458,35.20947,77.60554835710445,0.10321827010105193
172,32.10313677470169,35.209280948836614,32.102458,35.20947,77.54850496552298,0.10321827010105193
173,32.1031362438206,35.20928062226026,32.102461,35.209464,77.04486802592255,0.10321827010105193
174,32.10313588017527,35.20928039864311,32.102461,35.209464,77.01018967881626,0.10321827010105193
175,32.10313564065139,35.20928025135639,32.102461,35.209464,76.98735406546881,0.10321827010105193
176,32.10313559734145,35.20928022451632,32.102464,35.209459,76.55325012391229,0.10321827010105193
177,32.103135855511,35.2092803830235,32.102464,35.209459,76.57797278870719,0.10321827010105193
178,32.1031362299897,35.20928061286167,32.102464,35.209459,76.61384511255496,0.10321827010105193
179,32.10313771781785,35.209279548913706,32.102467,35.209454,76.36917228012797,0.10321827010105193
180,32.103139433747266,35.20927800810752,32.102467,35.209454,76.58679960996335,0.10321827010105193
181,32.103141061678755,35.20927631167667,32.102467,35.209454,76.79820169060058,0.10321827010105193
182,32.103143040612004,35.209274392794086,32.102471,35.209449,76.5159809738848,0.10321827010105193
183,32.103144783669286,35.209272345785664,32.102471,35.209449,76.74685416034545,0.10321827010105193
184,32.10314651446161,35.20927019456442,32.102471,35.209449,76.97882214113531,0.10321827010105193
185,32.10314840201675,35.209268042611285,32.102474,35.209444,76.79978568299724,0.10321827010105193
186,32.103150378837626,35.2092659103041,32.102474,35.209444,77.05790622108115,0.10321827010105193
187,32.10315187934584,35.209263443774645,32.102474,35.209444,77.27156418847315,0.10321827010105193
188,32.10315303450407,35.209261081634764,32.102478,35.209439,76.9084966590147,0.10321827010105193
189,32.10315421826528,35.20925879327215,32.102478,35.209439,77.08414446840855,0.10321827010105193
190,32.10315517996057,35.209256912588316,32.102478,35.209439,77.22760774426986,0.10321827010105193
191,32.10315569611422,35.209254876449386,32.102481,35.209434,76.89660187698287,0.10321827010105193
192,32.103156602916606,35.20925277881704,32.102481,35.209434,77.0385176786487,0.10321827010105193
193,32.10315760636129,35.2092507701241,32.102481,35.209434,77.18941028770344,0.10321827010105193
194,32.10315889272103,35.20924873951016,32.102486,35.20943,76.7455008906768,0.10321827010105193
195,32.10316029129672,35.20924664427697,32.102486,35.20943,76.941185387826,0.10321827010105193
196,32.10316158993314,35.20924444154701,32.102486,35.20943,77.12866183245951,0.10321827010105193
197,32.10316269051909,35.20924246467574,32.10249,35.209426,76.77154721912613,0.10321827010105193
198,32.103163578415206,35.20924028704221,32.10249,35.209426,76.91413514587559,0.10321827010105193
199,32.10316465161451,35.20923832423364,32.10249,35.209426,77.07254213521679,0.10321827010105193
200,32.10316544228022,35.2092363442696,32.102494,35.209421,76.66019589088695,0.10321827010105193
201,32.10316613699541,35.20923456858467,32.102494,35.209421,76.77351614943028,0.10321827010105193
202,32.10316692633893,35.209232732783775,32.102494,35.209421,76.89865517680742,0.10321827010105193
203,32.103167940550115,35.209231013583484,32.102499,35.209417,76.41793334730588,0.10321827010105193
204,32.103169188887534,35.20922950406841,32.102499,35.209417,76.58571509672633,0.10321827010105193
205,32.103170286740465,35.20922816550264,32.102499,35.209417,76.73363376652986,0.10321827010105193
206,32.10317131023493,35.209227018913566,32.102504,35.209413,76.24137421704253,0.10321827010105193
207,32.10317231391705,35.20922563652628,32.102504,35.209413,76.37997812539744,0.10321827010105193
208,32.10317350387708,35.209224473890764,32.102504,35.209413,76.5340564677107,0.10321827010105193
209,32.10317474659955,35.20922351288511,32.102509,35.209409,76.06146688603276,0.10321827010105193
210,32.1031758285902,35.209222769450115,32.102509,35.209409,76.19465767629302,0.10321827010105193
211,32.10317728468311,35.209222059146086,32.102509,35.209409,76.36762671805263,0.10321827010105193
212,32.10317889808399,35.20922119770956,32.102515,35.209405,75.8250396375156,0.10321827010105193
213,32.10318031216065,35.20922024765802,32.102515,35.209405,75.99857396323586,0.10321827010105193
214,32.10318171951082,35.20921932872731,32.102515,35.209405,76.17074159484561,0.10321827010105193
215,32.103183120656524,35.20921844051016,32.10252,35.209402,75.7356551565657,0.10321827010105193
216,32.10318612865078,35.20921796386462,32.10252,35.209402,76.07155271996717,0.10321827010105193
217,32.10319157528559,35.209218176893216,32.10252,35.209402,76.65684595417137,0.10321827010105193
218,32.103196935089315,35.2092186809399,32.102526,35.209399,76.51355750217661,0.10321827010105193
219,32.103202207194975,35.209219425861725,32.102526,35.209399,77.0698426031467,0.10321827010105193
220,32.10320740274524,35.2092206189072,32.102526,35.209399,77.60917286496776,0.10321827010105193
221,32.10321251864439,35.20922192742514,32.102532,35.209396,77.426243006464,0.10321827010105193
222,32.1032175197556,35.209223047477906,32.102532,35.209396,77.94770012242246,0.10321827010105193
223,32.103222436531226,35.20922412807644,32.102532,35.209396,78.46136547519578,0.10321827010105193
224,32.103229708127486,35.20922617352277,32.102539,35.209393,78.3942739133792,0.10321827010105193
225,32.10323764148066,35.20922860645424,32.102539,35.209393,79.21360052007473,0.10321827010105193
226,32.103246140370075,35.2092313449778,32.102539,35.209393,80.0911741478549,0.10321827010105193
227,32.10325542316616,35.209234448852236,32.102544,35.209391,80.46928115548609,0.10321827010105193
228,32.103264710162385,35.20923761881169,32.102544,35.209391,81.43117622049508,0.10321827010105193
229,32.10327391804484,35.209240819763814,32.102544,35.209391,82.38669888371835,0.10321827010105193
230,32.10328294596955,35.20924408287269,32.102551,35.209388,82.50988041721418,0.10321827010105193
231,32.103291768506246,35.209247217613715,32.102551,35.209388,83.43028636672187,0.10321827010105193
232,32.103299837361554,35.209249634317544,32.102551,35.209388,84.28071587006406,0.10321827010105193
233,32.10330754594647,35.20925152705874,32.102558,35.209386,84.30268970330417,0.10321827010105193
234,32.10331476742534,35.20925291443052,32.102558,35.209386,85.07729842164112,0.10321827010105193
235,32.103321981439436,35.209254663918145,32.102558,35.209386,85.84688445385865,0.10321827010105193
236,32.10332889031533,35.209256350106955,32.102565,35.209384,85.78750510912934,0.10321827010105193
237,32.10333531098037,35.209257860876306,32.102565,35.209384,86.47479431704993,0.10321827010105193
238,32.103341433481454,35.20925931282875,32.102565,35.209384,87.13063884214134,0.10321827010105193
239,32.103347153275074,35.209260198221344,32.102572,35.209382,86.95331070728041,0.10321827010105193
240,32.103354794695036,35.20926291891105,32.102572,35.209382,87.76252032226434,0.10321827010105193
241,32.10336265678454,35.20926580281998,32.102572,35.209382,88.59567773463978,0.10321827010105193
242,32.10337042922141,35.20926871693972,32.102579,35.209381,88.63616420250108,0.10321827010105193
243,32.10337787039181,35.209271244816584,32.102579,35.209381,89.4298897019593,0.10321827010105193
244,32.10338564861503,35.20927413066621,32.102579,35.209381,90.25832535631676,0.10321827010105193
245,32.10339307886322,35.209276845754914,32.102587,35.209379,90.14688074841249,0.10321827010105193
246,32.103400587119154,35.20927981803908,32.102587,35.209379,90.94785015024934,0.10321827010105193
247,32.10340806234514,35.20928303344406,32.102587,35.209379,91.74436453641907,0.10321827010105193
248,32.10341543453808,35.20928624806323,32.102594,35.209378,91.74730326111086,0.10321827010105193
249,32.103422079760676,35.20928876569568,32.102594,35.209378,92.46109989276407,0.10321827010105193
250,32.10342882598882,35.209291325896224,32.102594,35.209378,93.18672841307576,0.10321827010105193
251,32.10343486431111,35.20929358412771,32.102602,35.209377,92.94299290251412,0.10321827010105193
252,32.10344099584762,35.20929577622293,32.102602,35.209377,93.60526336217907,0.10321827010105193
253,32.10344645608791,35.20929748073808,32.102602,35.209377,94.1974937488726,0.10321827010105193
254,32.103450964945786,35.20929846445121,32.10261,35.209376,93.79579682930193,0.10321827010105193
255,32.103455583043655,35.2092997023389,32.10261,35.209376,94.29879741887184,0.10321827010105193
256,32.10346033938332,35.20930093760009,32.10261,35.209376,94.81740152915877,0.10321827010105193
257,32.10346515341772,35.20930248457644,32.102617,35.209376,94.56422992028266,0.10321827010105193
258,32.103469751169044,35.20930391739044,32.102617,35.209376,95.06437699916428,0.10321827010105193
259,32.10347508805089,35.20930585492251,32.102617,35.209376,95.64352446032451,0.10321827010105193
260,32.1034802803227,35.209307528307505,32.102625,35.209375,95.31494631979552,0.10321827010105193
261,32.103485803902245,35.20930937339076,32.102625,35.209375,95.9164250130697,0.10321827010105193
262,32.10349151132913,35.20931170314174,32.102625,35.209375,96.5359498176641,0.10321827010105193
263,32.10349685553304,35.209313638842765,32.102634,35.209374,96.11346925412788,0.10321827010105193
264,32.10350217446389,35.20931558250719,32.102634,35.209374,96.69328686033072,0.10321827010105193
265,32.1035073626952,35.20931777376194,32.102634,35.209374,97.25780486469036,0.10321827010105193
266,32.103512523190496,35.20931998459076,32.102642,35.209374,96.93138275000456,0.10321827010105193
267,32.10351772970408,35.209322306602985,32.102642,35.209374,97.4983598038688,0.10321827010105193
268,32.10352324456804,35.20932495963678,32.102642,35.209374,98.09873974022233,0.10321827010105193
269,32.103528317620686,35.20932727494134,32.102651,35.209374,97.65249767164529,0.10321827010105193
270,32.10353307227061,35.20932931069864,32.102651,35.209374,98.17224744986106,0.10321827010105193
271,32.10353774140447,35.20933156180216,32.102651,35.209374,98.68213999812933,0.10321827010105193
272,32.103542044050954,35.20933342225464,32.102659,35.209374,98.26437966576813,0.10321827010105193
273,32.10354614039867,35.2093351851065,32.102659,35.209374,98.71324024514321,0.10321827010105193
274,32.103549912211236,35.20933675144705,32.102659,35.209374,99.12702848120334,0.10321827010105193
275,32.10355337997539,35.20933812930789,32.102668,35.209374,98.50772286368205,0.10321827010105193
276,32.10355726121369,35.20933964446158,32.102668,35.209374,98.93427313313128,0.10321827010105193
277,32.10356120283638,35.20934132144302,32.102668,35.209374,99.36730961803846,0.10321827010105193
278,32.10356497578925,35.20934283367304,32.102676,35.209375,98.89602013758295,0.10321827010105193
279,32.10356919626576,35.20934477124066,32.102676,35.209375,99.35969902793349,0.10321827010105193
280,32.10357286686532,35.2093463422736,32.102676,35.209375,99.76357053788144,0.10321827010105193
281,32.10357648296366,35.20934797592754,32.102685,35.209375,99.16105913477666,0.10321827010105193
282,32.10358015532122,35.20934958585716,32.102685,35.209375,99.56551133775453,0.10321827010105193
283,32.10358379740335,35.20935147024412,32.102685,35.209375,99.9662831162329,0.10321827010105193
284,32.10358698885118,35.209353187825485,32.102694,35.209375,99.3170829050025,0.10321827010105193
285,32.10358989830015,35.209354682436285,32.102694,35.209375,99.63772643975639,0.10321827010105193
286,32.10359294419731,35.20935620492327,32.102694,35.209375,99.9737101888694,0.10321827010105193
287,32.1035959029905,35.20935772427655,32.102702,35.209376,99.41238283650186,0.10321827010105193
288,32.10360125006839,35.209362105391136,32.102702,35.209376,100.00061005502938,0.10321827010105193
289,32.103606897065575,35.20936690358983,32.102702,35.209376,100.62361078543415,0.10321827010105193
290,32.103611855517926,35.209371087378564,32.102711,35.209376,100.1716320071949,0.10321827010105193
291,32.10361630166923,35.20937448070177,32.102711,35.209376,100.66505442165644,0.10321827010105193
292,32.10361908107196,35.209376090136345,32.102711,35.209376,100.97400854110705,0.10321827010105193
293,32.103621446312644,35.20937721601306,32.10272,35.209377,100.23625867378341,0.10321827010105193
294,32.1036241067283,35.20937879907294,32.10272,35.209377,100.5322241537896,0.10321827010105193
295,32.10362671959374,35.20938056644746,32.10272,35.209377,100.82317836035993,0.10321827010105193
296,32.103629402449876,35.20938235991436,32.102729,35.209378,100.12102660130773,0.10321827010105193
297,32.103631914043916,35.2093840834076,32.102729,35.209378,100.40109604074883,0.10321827010105193
298,32.10363457259841,35.209386001746,32.102729,35.209378,100.69789935068596,0.10321827010105193
299,32.10363722209147,35.20938790457159,32.102738,35.209378,99.99328672443471,0.10321827010105193
300,32.10363974044048,35.20938999727582,32.102738,35.209378,100.27532988753863,0.10321827010105193
301,32.103643477736135,35.209394072682805,32.102738,35.209378,100.69591172209437,0.10321827010105193
302,32.10364715311628,35.20939808575329,32.102747,35.209379,100.10860270975509,0.10321827010105193
303,32.10365068213689,35.20940201397516,32.102747,35.209379,100.50824832632362,0.10321827010105193
304,32.10365399895194,35.20940583983608,32.102747,35.209379,100.88536308997365,0.10321827010105193
305,32.10365786921453,35.20940976884823,32.102756,35.20938,100.32247446441805,0.10321827010105193
306,32.10366132411991,35.20941354134287,32.102756,35.20938,100.71701308669343,0.10321827010105193
307,32.103664619677104,35.20941722616457,32.102756,35.20938,101.0947258509967,0.10321827010105193
308,32.10366773775499,35.209420818642435,32.102765,35.209381,100.44990326542546,0.10321827010105193
309,32.1036714217402,35.20942451835955,32.102765,35.209381,100.87281933219258,0.10321827010105193
310,32.10367468009219,35.20942805959104,32.102765,35.209381,101.24888792174143,0.10321827010105193
311,32.103677468903925,35.20943143078282,32.102775,35.209382,100.45791920747497,0.10321827010105193
312,32.10368041796446,35.209434801079624,32.102775,35.209382,100.80065291127573,0.10321827010105193
313,32.10368320171362,35.209438083404905,32.102775,35.209382,101.12549496695597,0.10321827010105193
314,32.10368563066161,35.20944122718591,32.102784,35.209383,100.40665969374018,0.10321827010105193
315,32.10368779397111,35.20944425659479,32.102784,35.209383,100.66280312177614,0.10321827010105193
316,32.1036899946188,35.20944725315824,32.102784,35.209383,100.92363537283728,0.10321827010105193
317,32.10369202598153,35.20945016173323,32.102793,35.209384,100.16118812521616,0.10321827010105193
318,32.103694364890636,35.20945311049116,32.102793,35.209384,100.43837959806262,0.10321827010105193
319,32.10369674429743,35.20945602809783,32.102793,35.209384,100.72054094137718,0.10321827010105193
320,32.10369912967226,35.209458905589265,32.102802,35.209385,99.99886625034063,0.10321827010105193
321,32.10370132260973,35.209461690056024,32.102802,35.209385,100.26067480428509,0.10321827010105193
322,32.103703619874416,35.209464461402916,32.102802,35.209385,100.53455373371041,0.10321827010105193
323,32.103705564143226,35.20946709729034,32.102813,35.209386,99.54213094546425,0.10321827010105193
324,32.10370751264354,35.209469693852235,32.102813,35.209386,99.77718260949207,0.10321827010105193
325,32.103709620297195,35.20947229296886,32.102813,35.209386,100.03040739010108,0.10321827010105193
326,32.10371181586055,35.209474875867215,32.102822,35.209387,99.28862785319058,0.10321827010105193
327,32.10371388468697,35.20947738531815,32.102822,35.209387,99.53781038811645,0.10321827010105193
328,32.10371619115181,35.209479919394866,32.102822,35.209387,99.813986705853,0.10321827010105193
329,32.10371806513283,35.20948229871698,32.102832,35.209389,98.9170945782584,0.10321827010105193
330,32.1037195191316,35.20948452699259,32.102832,35.209389,99.09697057326987,0.10321827010105193
331,32.1037210333425,35.20948673337227,32.102832,35.209389,99.28370286075176,0.10321827010105193
332,32.103722700961455,35.20948894321547,32.102842,35.20939,98.37194404876615,0.10321827010105193
333,32.10372437793505,35.209491118253865,32.102842,35.20939,98.57716169271502,0.10321827010105193
334,32.10372567419602,35.209493154240484,32.102842,35.20939,98.73931279817387,0.10321827010105193
335,32.103726875228794,35.20949512811889,32.102851,35.209392,97.87610906604907,0.10321827010105193
336,32.103727953882895,35.209497032985354,32.102851,35.209392,98.01340660078505,0.10321827010105193
337,32.1037293989646,35.209499000321934,32.102851,35.209392,98.19212028005832,0.10321827010105193
338,32.1037312601848,35.20950104384549,32.102861,35.209393,97.30218463198081,0.10321827010105193
339,32.10373300054261,35.2095030199159,32.102861,35.209393,97.51424907836478,0.10321827010105193
340,32.10373481625218,35.209504981548136,32.102861,35.209393,97.73477406025344,0.10321827010105193
341,32.10373666387783,35.2095069174839,32.102871,35.209395,96.83295823500852,0.10321827010105193
342,32.103738964194044,35.20950894097086,32.102871,35.209395,97.10810535283635,0.10321827010105193
343,32.10374379666792,35.20951391407669,32.102871,35.209395,97.69477493534367,0.10321827010105193
344,32.10374818556056,35.209518528689784,32.102881,35.209396,97.1148618588583,0.10321827010105193
345,32.10375260260968,35.20952319429409,32.102881,35.209396,97.65549252056,0.10321827010105193
346,32.10375684052981,35.20952785130152,32.102881,35.209396,98.17770937831231,0.10321827010105193
347,32.10376041517581,35.209532018723564,32.102891,35.209398,97.4952472242809,0.10321827010105193
348,32.10376398052831,35.20953609901598,32.102891,35.209398,97.93867690902962,0.10321827010105193
349,32.103768182171066,35.20954047412991,32.102891,35.209398,98.45708233050463,0.10321827010105193
350,32.103772179493504,35.20954476653952,32.102901,35.209399,97.8389246140797,0.10321827010105193
351,32.103775966899235,35.209548976226685,32.102901,35.209399,98.3121080301454,0.10321827010105193
352,32.10377945572481,35.20955301625033,32.102901,35.209399,98.75122320205044,0.10321827010105193
353,32.103783127544105,35.20955713511462,32.102911,35.209401,98.08497658052026,0.10321827010105193
354,32.10378707046886,35.209561336066955,32.102911,35.209401,98.57832096086521,0.10321827010105193
355,32.10379054196142,35.20956525879888,32.102911,35.209401,99.01685592327604,0.10321827010105193
356,32.10379429123064,35.20956937113754,32.102921,35.209403,98.36190638603517,0.10321827010105193
357,32.10379763602821,35.209573228995275,32.102921,35.209403,98.78742746036593,0.10321827010105193
358,32.10380137384733,35.20957730055214,32.102921,35.209403,99.26027724034041,0.10321827010105193
359,32.10380508056404,35.20958135116475,32.102931,35.209405,98.60255740309388,0.10321827010105193
360,32.10380827764685,35.209584996940215,32.102931,35.209405,99.01121877107892,0.10321827010105193
361,32.1038116377875,35.20958861021178,32.102931,35.209405,99.43797984619586,0.10321827010105193
362,32.103813930221534,35.20959159824848,32.102941,35.209407,98.61047958674142,0.10321827010105193
363,32.10381682372436,35.2095950030524,32.102941,35.209407,98.98406906783768,0.10321827010105193
364,32.10381982177872,35.2095984157528,32.102941,35.209407,99.36989845561847,0.10321827010105193
365,32.10382221120183,35.20960129796915,32.102951,35.209408,98.57040037633887,0.10321827010105193
366,32.103824773408604,35.2096043576436,32.102951,35.209408,98.90390470048945,0.10321827010105193
367,32.10382682449839,35.209606944935686,32.102951,35.209408,99.17372046946348,0.10321827010105193
368,32.10382946612822,35.20960990185304,32.102961,35.20941,98.38757715865863,0.10321827010105193
369,32.10383227143237,35.20961295068602,32.102961,35.20941,98.74895605503372,0.10321827010105193
370,32.10383484458916,35.20961580005314,32.102961,35.20941,99.08183971574917,0.10321827010105193
371,32.10383762888281,35.209618751103875,32.102971,35.209413,98.29421109219396,0.10321827010105193
372,32.10384001968922,35.209621404891735,32.102971,35.209413,98.60431077054757,0.10321827010105193
373,32.10384264406614,35.20962414001727,32.102971,35.209413,98.94176617200266,0.10321827010105193
374,32.103844974548856,35.20962675706418,32.102981,35.209415,98.11830837939935,0.10321827010105193
375,32.10384693204682,35.209629093858084,32.102981,35.209415,98.37632069613166,0.10321827010105193
376,32.103848835339946,35.20963142089479,32.102981,35.209415,98.62854249452876,0.10321827010105193
377,32.10385128764216,35.20963417411349,32.102991,35.209417,97.82236383940185,0.10321827010105193
378,32.10385434411617,35.20963725909891,32.102991,35.209417,98.21571013086977,0.10321827010105193
379,32.10385720255009,35.20964024601838,32.102991,35.209417,98.5860304247127,0.10321827010105193
380,32.10386115497384,35.209643707112924,32.103001,35.209419,97.95879393466004,0.10321827010105193
381,32.1038648015813,35.20964709764109,32.103001,35.209419,98.42395865321434,0.10321827010105193
382,32.10386821883436,35.20965036838984,32.103001,35.209419,98.86226640853029,0.10321827010105193
383,32.10387219217166,35.209653916731895,32.103012,35.209421,98.13280990799294,0.10321827010105193
384,32.10387901162874,35.20965882374043,32.103012,35.209421,98.97563619411406,0.10321827010105193
385,32.103885703546766,35.20966364202255,32.103012,35.209421,99.80352786833969,0.10321827010105193
386,32.10389227939057,35.20966839266237,32.103022,35.209423,99.49280644272413,0.10321827010105193
387,32.10389873496042,35.20967306615044,32.103022,35.209423,100.29360159103474,0.10321827010105193
388,32.10390493430985,35.20967739584554,32.103022,35.209423,101.0597080781591,0.10321827010105193
389,32.10391098459593,35.20968158951187,32.103032,35.209426,100.65992875253757,0.10321827010105193
390,32.10391691986793,35.2096857122204,32.103032,35.209426,101.39385907366852,0.10321827010105193
391,32.10392273503977,35.20968975264864,32.103032,35.209426,102.11341760907335,0.10321827010105193
392,32.103928395931916,35.20969364267884,32.103042,35.209428,101.68915358993823,0.10321827010105193
393,32.103933979979985,35.209697531997705,32.103042,35.209428,102.38132264964929,0.10321827010105193
394,32.10393959732845,35.20970163410848,32.103042,35.209428,103.08248113708073,0.10321827010105193
395,32.10394506718099,35.2097055947161,32.103053,35.20943,102.53380214087991,0.10321827010105193
396,32.103950412412246,35.20970945698366,32.103053,35.20943,103.20110059471592,0.10321827010105193
397,32.10395572339123,35.20971339577901,32.103053,35.20943,103.86695874982534,0.10321827010105193
398,32.10396086151538,35.209717139110005,32.103063,35.209432,103.3871300810435,0.10321827010105193
399,32.10396589912145,35.20972082662986,32.103063,35.209432,104.01845861966675,0.10321827010105193
400,32.103970848344716,35.20972448049551,32.103063,35.209432,104.639814057232,0.10321827010105193
401,32.1039756283034,35.20972794132736,32.103073,35.209434,104.11646758614248,0.10321827010105193
402,32.10398036480976,35.20973145310888,32.103073,35.209434,104.7122946481694,0.10321827010105193
403,32.103984902967916,35.2097347120018,32.103073,35.209434,105.28077159027694,0.10321827010105193
404,32.103989381087516,35.209737986363265,32.103084,35.209436,104.61506512064246,0.10321827010105193
405,32.103993792615974,35.20974126183916,32.103084,35.209436,105.17113818051381,0.10321827010105193
406,32.103998071363634,35.20974440768529,32.103084,35.209436,105.70991103372798,0.10321827010105193
407,32.10400226595628,35.20974751721945,32.103093,35.209438,105.22515565934741,0.10321827010105193
408,32.104006295897385,35.20975043176751,32.103093,35.209438,105.73187536769568,0.10321827010105193
409,32.10401016487985,35.20975315695082,32.103093,35.209438,106.21660745992631,0.10321827010105193
410,32.10401399533495,35.20975593011061,32.103103,35.20944,105.57859876015918,0.10321827010105193
411,32.1040177735032,35.209758722803855,32.103103,35.20944,106.05590577653683,0.10321827010105193
412,32.10402145474153,35.209761446315184,32.103103,35.20944,106.52119469457239,0.10321827010105193
413,32.104025090274824,35.20976419901851,32.103115,35.209443,105.6231274123942,0.10321827010105193
414,32.10402862509375,35.209766871966735,32.103115,35.209443,106.07190617408084,0.10321827010105193
415,32.10403210540979,35.20976955374965,32.103115,35.209443,106.51527763919604,0.10321827010105193
416,32.104035449296575,35.20977208289126,32.103125,35.209445,105.82139780108726,0.10321827010105193
417,32.104038825080266,35.20977478629528,32.103125,35.209445,106.2547269363125,0.10321827010105193
418,32.10404214754449,35.2097774960683,32.103125,35.209445,106.6827329656182,0.10321827010105193
419,32.10404540641649,35.209780190574925,32.103135,35.209447,105.98576142268469,0.10321827010105193
420,32.10404842875807,35.209782530734245,32.103135,35.209447,106.37208712846635,0.10321827010105193
421,32.10405138728531,35.2097848520275,32.103135,35.209447,106.7512249261566,0.10321827010105193
422,32.10405422560157,35.209787042816764,32.103146,35.209449,105.89069695945203,0.10321827010105193
423,32.104056904669754,35.20978902534631,32.103146,35.209449,106.23099721097826,0.10321827010105193
424,32.10405958054108,35.209791102588284,32.103146,35.209449,106.57372893685333,0.10321827010105193
425,32.104062184516614,35.20979313891068,32.103156,35.209451,105.79115489421598,0.10321827010105193
426,32.104064731397145,35.20979516164047,32.103156,35.209451,106.11897653661896,0.10321827010105193
427,32.1040672685179,35.20979726160298,32.103156,35.209451,106.44807868878512,0.10321827010105193
428,32.10406972258349,35.20979929421434,32.103167,35.209454,105.51579590112924,0.10321827010105193
429,32.10407202219261,35.20980111859401,32.103167,35.209454,105.8120521939943,0.10321827010105193
430,32.10407420624052,35.20980280911701,32.103167,35.209454,106.0922528671762,0.10321827010105193
431,32.104076250976576,35.20980431790995,32.103177,35.209456,105.23707649594067,0.10321827010105193
432,32.10407825110099,35.2098058282692,32.103177,35.209456,105.4927683364325,0.10321827010105193
433,32.10408013645192,35.209807201764264,32.103177,35.209456,105.73234588194782,0.10321827010105193
434,32.10408208136316,35.20980877711673,32.103188,35.209458,104.76386634145818,0.10321827010105193
435,32.104084075323954,35.20981053232532,32.103188,35.209458,105.02644586613854,0.10321827010105193
436,32.10408606913964,35.20981236990477,32.103188,35.209458,105.29154107488854,0.10321827010105193
437,32.104088037990174,35.20981423994736,32.103199,35.20946,104.33568901765231,0.10321827010105193
438,32.10408988213406,35.20981594634301,32.103199,35.20946,104.5814166238707,0.10321827010105193
439,32.104091647276505,35.20981757683694,32.103199,35.20946,104.81659972565204,0.10321827010105193
440,32.10409336600841,35.20981919359169,32.103209,35.209463,103.90287559759702,0.10321827010105193
441,32.104094999739665,35.209820719867686,32.103209,35.209463,104.12125705283265,0.10321827010105193
442,32.10409662656144,35.20982230664459,32.103209,35.209463,104.34081731014605,0.10321827010105193
443,32.10409824168114,35.20982394316198,32.103219,35.209465,103.44811618626028,0.10321827010105193
444,32.10409980415924,35.209825548128514,32.103219,35.209465,103.66175834633367,0.10321827010105193
445,32.1041012982791,35.20982708948783,32.103219,35.209465,103.86632472620434,0.10321827010105193
446,32.10410277702421,35.20982866926651,32.10323,35.209468,102.82262476328528,0.10321827010105193
447,32.104104163290835,35.20983013563225,32.10323,35.209468,103.01377881598799,0.10321827010105193
448,32.10410547267935,35.20983151768083,32.10323,35.209468,103.19429442981357,0.10321827010105193
449,32.104106753130495,35.20983290763379,32.10324,35.20947,102.26093614360038,0.10321827010105193
450,32.104107990773066,35.209834277096476,32.10324,35.20947,102.43378566085843,0.10321827010105193
451,32.10410918651609,35.20983562653104,32.10324,35.20947,102.60166880955929,0.10321827010105193
452,32.10411039675988,35.20983706470581,32.10325,35.209473,101.6317928759656,0.10321827010105193
453,32.10411158064809,35.20983851060155,32.10325,35.209473,101.8017025638654,0.10321827010105193
454,32.10411264302018,35.209839777235054,32.10325,35.209473,101.95324618444161,0.10321827010105193
455,32.10411363944044,35.2098409717819,32.103261,35.209475,100.88146107138655,0.10321827010105193
456,32.10411455018308,35.2098420544992,32.103261,35.209475,101.01150188507572,0.10321827010105193
457,32.104115448511905,35.20984316713035,32.103261,35.209475,101.14124909048982,0.10321827010105193
458,32.10411627148626,35.20984418562342,32.103271,35.209477,100.15131297780553,0.10321827010105193
459,32.10411704284195,35.20984515509265,32.103271,35.209477,100.26335751148723,0.10321827010105193
460,32.104117773053524,35.209846094785966,32.103271,35.209477,100.37017007169807,0.10321827010105193
461,32.10411847142071,35.209847021672104,32.103282,35.20948,99.22818329219466,0.10321827010105193
462,32.10411911435306,35.20984788854697,32.103282,35.20948,99.32365567940113,0.10321827010105193
463,32.10411973634454,35.20984876157432,32.103282,35.20948,99.41717553751538,0.10321827010105193
464,32.104120291193176,35.20984954945017,32.103292,35.209482,98.3935614977911,0.10321827010105193
465,32.10412077663638,35.20985024663399,32.103292,35.209482,98.46720367162378,0.10321827010105193
466,32.10412125387039,35.20985097144157,32.103292,35.209482,98.54092760748486,0.10321827010105193
467,32.10412170373782,35.20985168538918,32.103303,35.209485,97.36747693839862,0.10321827010105193
468,32.104122068705394,35.209852275114876,32.103303,35.209485,97.42513170222638,0.10321827010105193
469,32.104122424886214,35.20985288808709,32.103303,35.209485,97.48266600046618,0.10321827010105193
470,32.10412269484852,35.20985337213906,32.103313,35.209488,96.38729575528995,0.10321827010105193
471,32.10412300190832,35.20985396688562,32.103313,35.209488,96.43919904830967,0.10321827010105193
472,32.104123280681776,35.209854543699954,32.103313,35.209488,96.48757759515946,0.10321827010105193
473,32.104123509745236,35.20985505975936,32.103324,35.20949,95.31965299187061,0.10321827010105193
474,32.10412367144671,35.20985547961567,32.103324,35.20949,95.35069373212828,0.10321827010105193
475,32.10412384133114,35.20985594971238,32.103324,35.20949,95.38430259150245,0.10321827010105193
476,32.10412395386079,35.20985634117818,32.103334,35.209493,94.27052390373049,0.10321827010105193
477,32.104124057148084,35.20985674694873,32.103334,35.209493,94.29510599051378,0.10321827010105193
478,32.104124156009775,35.209857175480295,32.103334,35.209493,94.32001981994527,0.10321827010105193
479,32.10412422060902,35.209857567615046,32.103345,35.209496,93.0982326969067,0.10321827010105193
480,32.10412424901479,35.20985791866835,32.103345,35.209496,93.11327321156212,0.10321827010105193
481,32.10412424135382,35.20985822798525,32.103345,35.209496,93.12315121447436,0.10321827010105193
482,32.10412419435039,35.20985848828445,32.103355,35.209498,92.02397989612031,0.10321827010105193
483,32.10412411461209,35.20985871158611,32.103355,35.209498,92.0235027139872,0.10321827010105193
484,32.104123986239955,35.20985886600154,32.103355,35.209498,92.01560890294384,0.10321827010105193
485,32.104123850754576,35.20985903171236,32.103366,35.209501,90.76660056131031,0.10321827010105193
486,32.10412368004564,35.20985915302614,32.103366,35.209501,90.75322465815273,0.10321827010105193
487,32.104123481984516,35.20985924448366,32.103366,35.209501,90.73598306691234,0.10321827010105193
488,32.10412327307354,35.20985933748289,32.103376,35.209503,89.61578530434528,0.10321827010105193
489,32.10412304695955,35.20985941883164,32.103376,35.209503,89.5953439792105,0.10321827010105193
490,32.104122879172124,35.20985963514872,32.103376,35.209503,89.58568459441561,0.10321827010105193
491,32.10412266792809,35.20985978703282,32.103387,35.209506,88.32968700601555,0.10321827010105193
492,32.10412254418596,35.20986012930098,32.103387,35.209506,88.32911387111307,0.10321827010105193
493,32.10412238798711,35.20986042710801,32.103387,35.209506,88.32363040733266,0.10321827010105193
494,32.10412226971627,35.20986081708476,32.103397,35.209508,87.22513887413717,0.10321827010105193
495,32.104122111751145,35.20986114703304,32.103397,35.209508,87.22074673410998,0.10321827010105193
496,32.104121937659215,35.20986146224364,32.103397,35.209508,87.21418164582892,0.10321827010105193
497,32.104121750084076,35.209861767186204,32.103406,35.20951,86.20932854731828,0.10321827010105193
498,32.10412143770403,35.20986184393502,32.103406,35.20951,86.1800421700599,0.10321827010105193
499,32.10412123678848,35.20986215291552,32.103406,35.20951,86.17061844428719,0.10321827010105193
500,32.10412096015257,35.20986232817684,32.103416,35.209513,85.01376403928744,0.10321827010105193
501,32.104120671377004,35.20986249316004,32.103416,35.209513,84.99017514572614,0.10321827010105193
502,32.104120480590716,35.20986286215923,32.103416,35.209513,84.98408858326808,0.10321827010105193
503,32.104120290692286,35.209863245061975,32.103428,35.209516,83.63963176374871,0.10321827010105193
504,32.10411997740753,35.209863398739174,32.103428,35.209516,83.61323505644171,0.10321827010105193
505,32.104119654283274,35.20986354419128,32.103428,35.209516,83.58553691558296,0.10321827010105193
506,32.104119526791116,35.20986408182569,32.103438,35.209518,82.49602167109855,0.10321827010105193
507,32.10411939730536,35.20986462540031,32.103438,35.209518,82.50304374644742,0.10321827010105193
508,32.10411977625753,35.209866170487956,32.103438,35.209518,82.59941717737954,0.10321827010105193
509,32.104119851687415,35.20986713197021,32.103448,35.209521,81.51074884213892,0.10321827010105193
510,32.104119538280784,35.20986734282006,32.103448,35.209521,81.48675883176831,0.10321827010105193
511,32.10411912650442,35.20986736937426,32.103448,35.209521,81.44580477424302,0.10321827010105193
512,32.10411877631542,35.20986752328559,32.103458,35.209523,80.32219841242583,0.10321827010105193
513,32.10411841614628,35.20986766438799,32.103458,35.209523,80.29093812787637,0.10321827010105193
514,32.10411807375433,35.20986784636294,32.103458,35.209523,80.26305343645389,0.10321827010105193
515,32.104117809271756,35.20986818608366,32.103468,35.209525,79.15668823771951,0.10321827010105193
516,32.10411767135221,35.209868778033254,32.103468,35.209525,79.16547942562119,0.10321827010105193
517,32.104117393815834,35.20986910229469,32.103468,35.209525,79.14982172704543,0.10321827010105193
518,32.10411706893233,35.209869338490755,32.103478,35.209528,77.9961628791058,0.10321827010105193
519,32.10411686186866,35.20986980851666,32.103478,35.209528,77.99345142967483,0.10321827010105193
520,32.10411717177244,35.209871290900914,32.103478,35.209528,78.08255810762141,0.10321827010105193
521,32.10411772773924,35.20987325654761,32.103488,35.20953,77.12657402553306,0.10321827010105193
522,32.10411800934992,35.209874689432354,32.103488,35.20953,77.2116594594151,0.10321827010105193
523,32.10411867042924,35.20987686512689,32.103488,35.20953,77.36468134777738,0.10321827010105193
524,32.104120738114645,35.20988178774799,32.103498,35.209532,76.68393892164316,0.10321827010105193
525,32.10412276204065,35.209886626471466,32.103498,35.209532,77.08362120987123,0.10321827010105193
526,32.10412474264243,35.20989138178081,32.103498,35.209532,77.47681008711653,0.10321827010105193
527,32.10412668035929,35.20989605417706,32.103507,35.209534,76.8825273523401,0.10321827010105193
528,32.10412857563446,35.20990064417814,32.103507,35.209534,77.26373651201288,0.10321827010105193
529,32.10413042891476,35.209905152318214,32.103507,35.209534,77.63841184415477,0.10321827010105193
530,32.104132240650394,35.20990957914706,32.103517,35.209537,76.88778829666376,0.10321827010105193
531,32.10413401129467,35.209913925229415,32.103517,35.209537,77.25030347502656,0.10321827010105193
532,32.10413574130375,35.20991819114442,32.103517,35.209537,77.60628457770251,0.10321827010105193
533,32.104137431136415,35.20992237748498,32.103528,35.20954,76.74237688406792,0.10321827010105193
534,32.10413908125382,35.20992648485721,32.103528,35.20954,77.08639325936599,0.10321827010105193
535,32.104140692119266,35.20993051387982,32.103528,35.20954,77.42390222041847,0.10321827010105193
536,32.104141967703015,35.20993226863825,32.103537,35.209542,76.65811442996137,0.10321827010105193
537,32.104143243286764,35.209934023396684,32.103537,35.209542,76.86187846006199,0.10321827010105193
538,32.10414451887051,35.20993577815511,32.103537,35.209542,77.0657192670456,0.10321827010105193
539,32.10414579445426,35.20993753291354,32.103547,35.209545,76.15977375913936,0.10321827010105193
540,32.10414707003801,35.20993928767197,32.103547,35.209545,76.36405414849418,0.10321827010105193
541,32.10414834562176,35.2099410424304,32.103547,35.209545,76.56840906189332,0.10321827010105193
542,32.10414962120551,35.20994279718884,32.103556,35.209547,75.80811578828158,0.10321827010105193
543,32.10415089678925,35.20994455194727,32.103556,35.209547,76.0129364049317,0.10321827010105193
544,32.104152172373,35.209946306705696,32.103556,35.209547,76.21782898934528,0.10321827010105193
545,32.10415344795675,35.209948061464125,32.103566,35.209549,75.36405911601943,0.10321827010105193
546,32.104154723540496,35.20994981622256,32.103566,35.209549,75.5694673741628,0.10321827010105193
547,32.104155999124245,35.20995157098099,32.103566,35.209549,75.774944838244,0.10321827010105193
548,32.104157274707994,35.20995332573942,32.103575,35.209552,74.97333054331021,0.10321827010105193
549,32.10415855029174,35.20995508049785,32.103575,35.209552,75.17918996314926,0.10321827010105193
550,32.104159825875485,35.209956835256286,32.103575,35.209552,75.3851164853882,0.10321827010105193
551,32.10416110145923,35.209958590014715,32.103584,35.209554,74.63365311481344,0.10321827010105193
552,32.10416237704298,35.209960344773144,32.103584,35.209554,74.84003569357763,0.10321827010105193
553,32.10416365262673,35.20996209953157,32.103584,35.209554,75.04648280400811,0.10321827010105193
554,32.10416492821048,35.20996385429,32.103594,35.209557,74.15427248618988,0.10321827010105193
555,32.10416620379423,35.20996560904844,32.103594,35.209557,74.36115025860097,0.10321827010105193
556,32.10416747937798,35.20996736380687,32.103594,35.209557,74.56809023187778,0.10321827010105193
557,32.10416875496173,35.2099691185653,32.103603,35.209559,73.82282675721959,0.10321827010105193
558,32.10417003054547,35.209970873323726,32.103603,35.209559,74.03021507896602,0.10321827010105193
559,32.10417130612922,35.20997262808216,32.103603,35.209559,74.2376630307213,0.10321827010105193
560,32.104172581712966,35.20997438284059,32.103612,35.209561,73.49567496446028,0.10321827010105193
561,32.104173857296715,35.20997613759902,32.103612,35.209561,73.70356631329213,0.10321827010105193
562,32.104175132880464,35.20997789235745,32.103612,35.209561,73.91151472785197,0.10321827010105193
563,32.10417640846421,35.20997964711588,32.103621,35.209563,73.17287470222297,0.10321827010105193
564,32.10417768404796,35.209981401874316,32.103621,35.209563,73.38126120155032,0.10321827010105193
565,32.10417895963171,35.209983156632745,32.103621,35.209563,73.5897022147896,0.10321827010105193
566,32.10418023521545,35.209984911391174,32.103631,35.209566,72.7099684367642,0.10321827010105193
567,32.1041815107992,35.209986666149604,32.103631,35.209566,72.9188260168962,0.10321827010105193
568,32.10418278638295,35.20998842090804,32.103631,35.209566,73.12773576812963,0.10321827010105193
569,32.1041840619667,35.20999017566647,32.10364,35.209568,72.3959018263255,0.10321827010105193
570,32.10418533755045,35.2099919304249,32.10364,35.209568,72.6052390208182,0.10321827010105193
571,32.104186613134196,35.20999368518333,32.10364,35.209568,72.8146258557539,0.10321827010105193
572,32.104187888717945,35.20999543994176,32.103649,35.209571,72.03405008415127,0.10321827010105193
573,32.10418916430169,35.20999719470019,32.103649,35.209571,72.24379434491631,0.10321827010105193
574,32.104190439885436,35.20999894945862,32.103649,35.209571,72.45358613917422,0.10321827010105193
575,32.104191715469184,35.21000070421705,32.103657,35.209573,71.82051032608568,0.10321827010105193
576,32.10419299105293,35.21000245897548,32.103657,35.209573,72.03066813031597,0.10321827010105193
577,32.10419426663668,35.21000421373392,32.103657,35.209573,72.24087120429103,0.10321827010105193
578,32.10419554222043,35.21000596849235,32.103666,35.209575,71.5190851651012,0.10321827010105193
579,32.10419681780418,35.210007723250776,32.103666,35.209575,71.72969709250057,0.10321827010105193
580,32.10419809338793,35.210009478009205,32.103666,35.209575,71.94035182219226,0.10321827010105193
581,32.10419936897167,35.210011232767634,32.103676,35.209578,71.07723592276002,0.10321827010105193
582,32.10420064455542,35.21001298752607,32.103676,35.209578,71.28828194587865,0.10321827010105193
583,32.10420192013917,35.2100147422845,32.103676,35.209578,71.49936847480298,0.10321827010105193
584,32.10420319572292,35.21001649704293,32.103686,35.20958,70.69467533924423,0.10321827010105193
585,32.104204471306666,35.21001825180136,32.103686,35.20958,70.90620359554232,0.10321827010105193
586,32.104205746890415,35.210020006559795,32.103686,35.20958,71.11776971030517,0.10321827010105193
587,32.104207022474164,35.210021761318224,32.103694,35.209582,70.49791120017234,0.10321827010105193
588,32.104208298057905,35.21002351607665,32.103694,35.209582,70.70981592627057,0.10321827010105193
589,32.104209573641654,35.21002527083508,32.103694,35.209582,70.9217563679556,0.10321827010105193
590,32.1042108492254,35.21002702559352,32.103703,35.209585,70.1596078089623,0.10321827010105193
591,32.10421212480915,35.21002878035195,32.103703,35.209585,70.37187272222884,0.10321827010105193
592,32.1042134003929,35.21003053511038,32.103703,35.209585,70.58417135667784,0.10321827010105193
593,32.10421467597665,35.210032289868806,32.103713,35.209587,69.79264057415769,0.10321827010105193
594,32.1042159515604,35.210034044627236,32.103713,35.209587,70.00535330558043,0.10321827010105193
595,32.10421722714415,35.21003579938567,32.103713,35.209587,70.21809722400133,0.10321827010105193
596,32.10421850272789,35.2100375541441,32.103722,35.20959,69.46294985094242,0.10321827010105193
597,32.10421977831164,35.21003930890253,32.103722,35.20959,69.67600399541155,0.10321827010105193
598,32.10422105389539,35.21004106366096,32.103722,35.20959,69.88908739331937,0.10321827010105193
599,32.104222329479136,35.210042818419396,32.10373,35.209592,69.28272276712352,0.10321827010105193
600,32.104223605062884,35.210044573177825,32.10373,35.209592,69.49611357844246,0.10321827010105193
601,32.10422488064663,35.210046327936254,32.10373,35.209592,69.70953165893384,0.10321827010105193
602,32.10422615623038,35.210048082694684,32.103739,35.209595,68.96087428794864,0.10321827010105193
603,32.10422743181413,35.21004983745311,32.103739,35.209595,69.17458802654421,0.10321827010105193
604,32.10422870739787,35.21005159221155,32.103739,35.209595,69.38832717256048,0.10321827010105193
605,32.10422998298162,35.21005334696998,32.103748,35.209597,68.70189262625156,0.10321827010105193
606,32.10423125856537,35.21005510172841,32.103748,35.209597,68.91596295909855,0.10321827010105193
607,32.10423253414912,35.21005685648684,32.103748,35.209597,69.130056587775,0.10321827010105193
608,32.10423380973287,35.21005861124527,32.103757,35.209599,68.44814667347111,0.10321827010105193
609,32.10423508531662,35.2100603660037,32.103757,35.209599,68.66255993786073,0.10321827010105193
610,32.104236360900366,35.21006212076213,32.103757,35.209599,68.87699445021825,0.10321827010105193
611,32.10423763648411,35.21006387552056,32.103766,35.209602,68.13951824896594,0.10321827010105193
612,32.104238912067856,35.21006563027899,32.103766,35.209602,68.35422166126483,0.10321827010105193
613,32.104240187651605,35.210067385037426,32.103766,35.209602,68.56894460154896,0.10321827010105193
614,32.104241463235354,35.210069139795856,32.103775,35.209604,67.89577665867462,0.10321827010105193
615,32.1042427388191,35.210070894554285,32.103775,35.209604,68.11079660215276,0.10321827010105193
616,32.10424401440285,35.210072649312714,32.103775,35.209604,68.3258341518246,0.10321827010105193
617,32.1042452899866,35.21007440407115,32.103783,35.209607,67.68047588261713,0.10321827010105193
618,32.10424656557035,35.21007615882958,32.103783,35.209607,67.89572742422519,0.10321827010105193
619,32.10424784115409,35.21007791358801,32.103783,35.209607,68.11099516384083,0.10321827010105193
620,32.10424911673784,35.21007966834644,32.103792,35.209609,67.44631374285231,0.10321827010105193
621,32.10425039232159,35.210081423104874,32.103792,35.209609,67.6618554153557,0.10321827010105193
622,32.10425166790534,35.210083177863304,32.103792,35.209609,67.87741150033969,0.10321827010105193
623,32.10425294348909,35.21008493262173,32.103801,35.209612,67.15514795869251,0.10321827010105193
624,32.104254219072835,35.21008668738016,32.103801,35.209612,67.37093331310956,0.10321827010105193
625,32.104255494656584,35.21008844213859,32.103801,35.209612,67.58673158722387,0.10321827010105193
626,32.10425677024033,35.21009019689703,32.10381,35.209615,66.86834321651321,0.10321827010105193
627,32.104258045824075,35.21009195165546,32.10381,35.209615,67.08436032327401,0.10321827010105193
628,32.104259321407824,35.210093706413886,32.10381,35.209615,67.30038891827881,0.10321827010105193
629,32.10426059699157,35.210095461172315,32.103819,35.209617,66.64960988476929,0.10321827010105193
630,32.10426187257532,35.21009721593075,32.103819,35.209617,66.8658734126157,0.10321827010105193
631,32.10426314815907,35.21009897068918,32.103819,35.209617,67.08214687701859,0.10321827010105193
632,32.10426442374282,35.21010072544761,32.103827,35.20962,66.4536092406212,0.10321827010105193
633,32.10426569932657,35.21010248020604,32.103827,35.20962,66.67005003332963,0.10321827010105193
634,32.10426697491031,35.21010423496447,32.103827,35.20962,66.88649964469724,0.10321827010105193
635,32.10426825049406,35.210105989722905,32.103836,35.209623,66.18016439519646,0.10321827010105193
636,32.10426952607781,35.210107744481334,32.103836,35.209623,66.39679862059575,0.10321827010105193
637,32.104270801661556,35.21010949923976,32.103836,35.209623,66.61344044374401,0.10321827010105193
638,32.104272077245305,35.21011125399819,32.103845,35.209626,65.91129573061619,0.10321827010105193
639,32.104273352829054,35.21011300875663,32.103845,35.209626,66.12810998331196,0.10321827010105193
640,32.1042746284128,35.21011476351506,32.103845,35.209626,66.3449306878077,0.10321827010105193
641,32.10427590399655,35.21011651827349,32.103854,35.209629,65.64705947453098,0.10321827010105193
642,32.10427717958029,35.21011827303192,32.103854,35.209629,65.8640399603486,0.10321827010105193
643,32.10427845516404,35.210120027790346,32.103854,35.209629,66.0810258334312,0.10321827010105193
644,32.10427973074779,35.21012178254878,32.103863,35.209631,65.45400141866412,0.10321827010105193
645,32.10428100633154,35.21012353730721,32.103863,35.209631,65.67115118330135,0.10321827010105193
646,32.10428228191529,35.21012529206564,32.103863,35.209631,65.88830523496055,0.10321827010105193
647,32.10428355749904,35.21012704682407,32.103871,35.209634,65.27786120277887,0.10321827010105193
648,32.10428483308279,35.210128801582506,32.103871,35.209634,65.4951282169419,0.10321827010105193
649,32.104286108666535,35.210130556340935,32.103871,35.209634,65.71239875393847,0.10321827010105193
650,32.10428738425028,35.210132311099365,32.10388,35.209637,65.02774197480389,0.10321827010105193
651,32.104288659834026,35.210134065857794,32.10388,35.209637,65.24513162268397,0.10321827010105193
652,32.104289935417775,35.21013582061622,32.10388,35.209637,65.4625239929849,0.10321827010105193
653,32.104291211001524,35.21013757537466,32.103889,35.20964,64.78246719986608,0.10321827010105193
654,32.10429248658527,35.21013933013309,32.103889,35.20964,64.99996421412867,0.10321827010105193
655,32.10429376216902,35.21014108489152,32.103889,35.20964,65.21746324502149,0.10321827010105193
656,32.10429503775277,35.21014283964995,32.103898,35.209643,64.5420921078472,0.10321827010105193
657,32.10429631333651,35.21014459440838,32.103898,35.209643,64.75968083756202,0.10321827010105193
658,32.10429758892026,35.21014634916681,32.103898,35.209643,64.97727097721554,0.10321827010105193
659,32.10429886450401,35.21014810392524,32.103907,35.209645,64.37597569813211,0.10321827010105193
660,32.10430014008776,35.21014985868367,32.103907,35.209645,64.59364759161366,0.10321827010105193
661,32.10430141567151,35.21015161344211,32.103907,35.209645,64.81132034049153,0.10321827010105193
662,32.104302691255256,35.21015336820054,32.103916,35.209648,64.14612657302625,0.10321827010105193
663,32.104303966839005,35.210155122958966,32.103916,35.209648,64.36385580101964,0.10321827010105193
664,32.104305242422754,35.210156877717395,32.103916,35.209648,64.58158550034081,0.10321827010105193
665,32.104306518006496,35.210158632475824,32.103925,35.209651,63.921339381219816,0.10321827010105193
666,32.104307793590245,35.21016038723426,32.103925,35.209651,64.13910916696763,0.10321827010105193
667,32.10430906917399,35.21016214199269,32.103925,35.209651,64.35687915066491,0.10321827010105193
668,32.10431034475774,35.21016389675112,32.103934,35.209654,63.70166771085249,0.10321827010105193
669,32.10431162034149,35.21016565150955,32.103934,35.209654,63.91946090690249,0.10321827010105193
670,32.10431289592524,35.210167406267985,32.103934,35.209654,64.13725414352633,0.10321827010105193
671,32.10431417150899,35.210169161026414,32.103942,35.209657,63.55950776314331,0.10321827010105193
672,32.10431544709274,35.21017091578484,32.103942,35.209657,63.7773071026732,0.10321827010105193
673,32.10431672267648,35.21017267054327,32.103942,35.209657,63.99510643995966,0.10321827010105193
674,32.10431799826023,35.2101744253017,32.103951,35.20966,63.34945520146308,0.10321827010105193
675,32.10431927384398,35.21017618006014,32.103951,35.20966,63.56724522604043,0.10321827010105193
676,32.104320549427726,35.21017793481857,32.103951,35.20966,63.78503531191105,0.10321827010105193
677,32.104321825011475,35.210179689577,32.10396,35.209663,63.14466476583841,0.10321827010105193
678,32.104323100595224,35.210181444335426,32.10396,35.209663,63.36242732625124,0.10321827010105193
679,32.10432437617897,35.21018319909386,32.10396,35.209663,63.580190137246596,0.10321827010105193
680,32.104325651762714,35.21018495385229,32.103969,35.209665,63.018361414648275,0.10321827010105193
681,32.10432692734646,35.21018670861072,32.103969,35.209665,63.23607227727478,0.10321827010105193
682,32.10432820293021,35.21018846336915,32.103969,35.209665,63.45378374517717,0.10321827010105193
683,32.10432947851396,35.21019021812758,32.103979,35.209668,62.755681469755466,0.10321827010105193
684,32.10433075409771,35.210191972886015,32.103979,35.209668,62.97331412477068,0.10321827010105193
685,32.10433202968146,35.210193727644445,32.103979,35.209668,63.19094792577571,0.10321827010105193
686,32.10433330526521,35.210195482402874,32.103988,35.209671,62.56834002795098,0.10321827010105193
687,32.104334580848956,35.2101972371613,32.103988,35.209671,62.78588396993378,0.10321827010105193
688,32.1043358564327,35.21019899191974,32.103988,35.209671,63.00342967456411,0.10321827010105193
689,32.10433713201645,35.21020074667817,32.103997,35.209674,62.38646934597806,0.10321827010105193
690,32.104338407600196,35.2102025014366,32.103997,35.209674,62.60390504148425,0.10321827010105193
691,32.104339683183944,35.21020425619503,32.103997,35.209674,62.82134325413352,0.10321827010105193
692,32.10434095876769,35.21020601095346,32.104006,35.209678,62.134698817755286,0.10321827010105193
693,32.10434223435144,35.21020776571189,32.104006,35.209678,62.35201958838502,0.10321827010105193
694,32.10434350993519,35.21020952047032,32.104006,35.209678,62.56934368476897,0.10321827010105193
695,32.10434478551893,35.21021127522875,32.104015,35.209681,61.96338061780688,0.10321827010105193
696,32.10434606110268,35.21021302998718,32.104015,35.209681,62.18055487112152,0.10321827010105193
697,32.10434733668643,35.21021478474562,32.104015,35.209681,62.39773348004526,0.10321827010105193
698,32.10434861227018,35.210216539504046,32.104024,35.209684,61.797678310562276,0.10321827010105193
699,32.10434988785393,35.210218294262475,32.104024,35.209684,62.01468558305056,0.10321827010105193
700,32.10435116343768,35.210220049020904,32.104024,35.209684,62.23169838715165,0.10321827010105193
701,32.104352439021426,35.21022180377934,32.104033,35.209686,61.714639726719724,0.10321827010105193
702,32.104353714605175,35.21022355853777,32.104033,35.209686,61.93144107147909,0.10321827010105193
703,32.10435499018892,35.2102253132962,32.104033,35.209686,62.14824939216056,0.10321827010105193
